{
  "iteration": 1,
  "algorithm": "HDBSCAN",
  "config": {
    "n_epochs": 50,
    "batch_size": 64,
    "mtl_lambda": 0.5
  },
  "variants": {
    "Full": {
      "Train": {
        "r2": 0.040667176246643066,
        "rmse": 139.58770204606134,
        "mae": 47.86248016357422,
        "mape": 24.137596130371094
      },
      "Val": {
        "r2": -0.23374366760253906,
        "rmse": 171.10293639721675,
        "mae": 92.29161834716797,
        "mape": 24.735416412353516
      },
      "Test": {
        "r2": -0.022756576538085938,
        "rmse": 109.39091848446562,
        "mae": 44.492149353027344,
        "mape": 25.419652938842773
      }
    },
    "No Operational": {
      "Train": {
        "r2": 0.10023891925811768,
        "rmse": 135.184249267435,
        "mae": 45.76200485229492,
        "mape": 21.632497787475586
      },
      "Val": {
        "r2": -0.12328219413757324,
        "rmse": 163.26362644125604,
        "mae": 85.19439697265625,
        "mape": 22.99195671081543
      },
      "Test": {
        "r2": 0.028953909873962402,
        "rmse": 106.58965013370201,
        "mae": 40.36547088623047,
        "mape": 22.1785945892334
      }
    },
    "No Weather": {
      "Train": {
        "r2": -0.0027202367782592773,
        "rmse": 142.7093377397744,
        "mae": 52.14521789550781,
        "mape": 27.07669448852539
      },
      "Val": {
        "r2": -0.22845661640167236,
        "rmse": 170.73593005720852,
        "mae": 92.5689926147461,
        "mape": 25.460729598999023
      },
      "Test": {
        "r2": -0.020793437957763672,
        "rmse": 109.28588333757934,
        "mae": 44.30586624145508,
        "mape": 26.323551177978516
      }
    },
    "Baseline": {
      "Train": {
        "r2": 0.12947475910186768,
        "rmse": 132.96984796843984,
        "mae": 46.76560974121094,
        "mape": 21.870513916015625
      },
      "Val": {
        "r2": -0.20355451107025146,
        "rmse": 168.99656755020203,
        "mae": 91.06560516357422,
        "mape": 24.147672653198242
      },
      "Test": {
        "r2": 0.023057520389556885,
        "rmse": 106.91278115098073,
        "mae": 39.47578811645508,
        "mape": 22.65865707397461
      }
    }
  }
}