{
  "iteration": 1,
  "algorithm": "DBSCAN",
  "config": {
    "n_epochs": 50,
    "batch_size": 64,
    "learning_rate": 0.001,
    "sample_fraction": 0.01,
    "mtl_lambda": 0.5
  },
  "magnn": {
    "Train": {
      "r2": 0.47617679834365845,
      "rmse": 14.760819944024853,
      "mae": 10.320099830627441,
      "mape": 34.114009857177734
    },
    "Val": {
      "r2": -0.7724955081939697,
      "rmse": 26.472273230684213,
      "mae": 21.72859764099121,
      "mape": 35.66765594482422
    },
    "Test": {
      "r2": 0.42506080865859985,
      "rmse": 14.801270425242958,
      "mae": 10.622031211853027,
      "mape": 38.92146301269531
    }
  },
  "magnn_lstm": {
    "Train": {
      "r2": 0.4761539697647095,
      "rmse": 14.76114194923644,
      "mae": 10.32183837890625,
      "mape": 34.107608795166016
    },
    "Val": {
      "r2": -0.7733556032180786,
      "rmse": 26.478695925038018,
      "mae": 21.735485076904297,
      "mape": 35.681663513183594
    },
    "Test": {
      "r2": 0.42510199546813965,
      "rmse": 14.800740527622786,
      "mae": 10.621301651000977,
      "mape": 38.92277908325195
    }
  },
  "magnn_lstm_mtl": {
    "Train": {
      "r2": 0.3507533073425293,
      "rmse": 16.433231162062476,
      "mae": 11.49234676361084,
      "mape": 39.32181167602539
    },
    "Val": {
      "r2": -0.4859597682952881,
      "rmse": 24.238302339334098,
      "mae": 20.16722297668457,
      "mape": 34.98268127441406
    },
    "Test": {
      "r2": 0.3458326458930969,
      "rmse": 15.788194635351758,
      "mae": 11.66472339630127,
      "mape": 42.48826599121094
    }
  },
  "comparison": [
    {
      "iteration": 1,
      "split": "Train",
      "metric": "r2",
      "magnn": 0.47617679834365845,
      "magnn_lstm": 0.4761539697647095,
      "magnn_lstm_mtl": 0.3507533073425293,
      "lstm_improvement_pct": -0.004794139283640432,
      "mtl_improvement_pct": -26.339689677742463
    },
    {
      "iteration": 1,
      "split": "Train",
      "metric": "rmse",
      "magnn": 14.760819944024853,
      "magnn_lstm": 14.76114194923644,
      "magnn_lstm_mtl": 16.433231162062476,
      "lstm_improvement_pct": -0.002181485939191017,
      "mtl_improvement_pct": -11.330069903837641
    },
    {
      "iteration": 1,
      "split": "Train",
      "metric": "mae",
      "magnn": 10.320099830627441,
      "magnn_lstm": 10.32183837890625,
      "magnn_lstm_mtl": 11.49234676361084,
      "lstm_improvement_pct": -0.016846235088240357,
      "mtl_improvement_pct": -11.358872028587035
    },
    {
      "iteration": 1,
      "split": "Train",
      "metric": "mape",
      "magnn": 34.114009857177734,
      "magnn_lstm": 34.107608795166016,
      "magnn_lstm_mtl": 39.32181167602539,
      "lstm_improvement_pct": 0.01876373402774334,
      "mtl_improvement_pct": -15.265874862670898
    },
    {
      "iteration": 1,
      "split": "Val",
      "metric": "r2",
      "magnn": -0.7724955081939697,
      "magnn_lstm": -0.7733556032180786,
      "magnn_lstm_mtl": -0.4859597682952881,
      "lstm_improvement_pct": -0.11133980909736516,
      "mtl_improvement_pct": 37.092220842627086
    },
    {
      "iteration": 1,
      "split": "Val",
      "metric": "rmse",
      "magnn": 26.472273230684213,
      "magnn_lstm": 26.478695925038018,
      "magnn_lstm_mtl": 24.238302339334098,
      "lstm_improvement_pct": -0.02426196759846327,
      "mtl_improvement_pct": 8.438908407611562
    },
    {
      "iteration": 1,
      "split": "Val",
      "metric": "mae",
      "magnn": 21.72859764099121,
      "magnn_lstm": 21.735485076904297,
      "magnn_lstm_mtl": 20.16722297668457,
      "lstm_improvement_pct": -0.03169756293932528,
      "mtl_improvement_pct": 7.185805039535051
    },
    {
      "iteration": 1,
      "split": "Val",
      "metric": "mape",
      "magnn": 35.66765594482422,
      "magnn_lstm": 35.681663513183594,
      "magnn_lstm_mtl": 34.98268127441406,
      "lstm_improvement_pct": -0.03927246853709221,
      "mtl_improvement_pct": 1.9204365015029907
    },
    {
      "iteration": 1,
      "split": "Test",
      "metric": "r2",
      "magnn": 0.42506080865859985,
      "magnn_lstm": 0.42510199546813965,
      "magnn_lstm_mtl": 0.3458326458930969,
      "lstm_improvement_pct": 0.009689627625226517,
      "mtl_improvement_pct": -18.639253761251222
    },
    {
      "iteration": 1,
      "split": "Test",
      "metric": "rmse",
      "magnn": 14.801270425242958,
      "magnn_lstm": 14.800740527622786,
      "magnn_lstm_mtl": 15.788194635351758,
      "lstm_improvement_pct": 0.0035800820128823146,
      "mtl_improvement_pct": -6.667834461193555
    },
    {
      "iteration": 1,
      "split": "Test",
      "metric": "mae",
      "magnn": 10.622031211853027,
      "magnn_lstm": 10.621301651000977,
      "magnn_lstm_mtl": 11.66472339630127,
      "lstm_improvement_pct": 0.006868374207342481,
      "mtl_improvement_pct": -9.816316330201625
    },
    {
      "iteration": 1,
      "split": "Test",
      "metric": "mape",
      "magnn": 38.92146301269531,
      "magnn_lstm": 38.92277908325195,
      "magnn_lstm_mtl": 42.48826599121094,
      "lstm_improvement_pct": -0.0033813491463661194,
      "mtl_improvement_pct": -9.164103507995605
    }
  ]
}