{
    "dist_gap_mean": 5.05853706736242,
    "dist_gap_std": 3.1421433131124035,
    "time_gap_mean": 1.0782276599381118,
    "time_gap_std": 1.0813269472761848,
    "lngs_mean": 149.1392565801973,
    "lngs_std": 0.5158170415509835,
    "lats_mean": -35.228750122780404,
    "lats_std": 0.12455775674882417,
    "dist_mean": 8.42652879456801,
    "dist_std": 3.223495783507145,
    "time_mean": 49.621146985954326,
    "time_std": 21.139115332798756,
    "arrival_delay_mean": 4.113665803108808,
    "arrival_delay_std": 32.572962982986326,
    "departure_delay_mean": 9.982663217341813,
    "departure_delay_std": 33.060475069383116,
    "speed_mean": 30.625524130523885,
    "speed_std": 20.998132196077595,
    "is_peak_hour_mean": 0.26446919404537605,
    "is_peak_hour_std": 0.44105015525035857,
    "temperature_mean": 0.3481332740752004,
    "temperature_std": 0.9984336285425992,
    "apparent_temperature_mean": 0.3613738733294218,
    "apparent_temperature_std": 0.9975406594277407,
    "precipitation_mean": 0.031389761888162844,
    "precipitation_std": 0.08950360767134564,
    "rain_mean": 0.031383063701993626,
    "rain_std": 0.08949167827865492,
    "snowfall_mean": 6.060665821425247e-05,
    "snowfall_std": 0.006270988942850957,
    "windspeed_mean": -0.06520574157897534,
    "windspeed_std": 0.9442992752032588,
    "windgust_mean": -0.02940184599561857,
    "windgust_std": 0.9437252395564121,
    "winddirection_mean": -0.0910637193882761,
    "winddirection_std": 1.0100026119077834,
    "train_set": ["train_data.jsonl"],
    "eval_set": ["validation_data.jsonl"],
    "test_set": ["test_data.jsonl"]
}