{
  "iteration": 1,
  "algorithm": "HDBSCAN",
  "config": {
    "n_epochs": 50,
    "batch_size": 64,
    "learning_rate": 0.001,
    "sample_fraction": 0.15,
    "mtl_lambda": 0.5
  },
  "bug_fixes": {
    "weather_scaling": "Fixed in Residual model (was using raw values)",
    "residual_learning": "LSTM now sees MAGNN prediction",
    "adaptive_gating": "Learned \u03b1 replaces hardcoded 0.5",
    "binary_flags": "is_weekend, is_peak_hour added"
  },
  "magnn": {
    "Train": {
      "r2": 0.9438315033912659,
      "rmse": 8.588219545028718,
      "mae": 5.7463226318359375,
      "mape": 27.26612091064453
    },
    "Val": {
      "r2": 0.6569187641143799,
      "rmse": 10.50821183023737,
      "mae": 8.392650604248047,
      "mape": 29.303546905517578
    },
    "Test": {
      "r2": 0.4253791570663452,
      "rmse": 6.825727308037687,
      "mae": 5.662050724029541,
      "mape": 26.23695945739746
    }
  },
  "magnn_lstm": {
    "Train": {
      "r2": 0.943903923034668,
      "rmse": 8.58268285959346,
      "mae": 5.752658367156982,
      "mape": 27.155040740966797
    },
    "Val": {
      "r2": 0.6531598567962646,
      "rmse": 10.565620999587937,
      "mae": 8.442214965820312,
      "mape": 29.347307205200195
    },
    "Test": {
      "r2": 0.4239819049835205,
      "rmse": 6.834020936687708,
      "mae": 5.677798748016357,
      "mape": 26.17584991455078
    }
  },
  "magnn_lstm_residual": {
    "Train": {
      "r2": 0.9439204335212708,
      "rmse": 8.581419154178814,
      "mae": 5.755090236663818,
      "mape": 27.10651969909668,
      "alpha": 0.5059745907783508
    },
    "Val": {
      "r2": 0.6530836820602417,
      "rmse": 10.566780622411349,
      "mae": 8.44279670715332,
      "mape": 29.30674171447754,
      "alpha": 0.5059735774993896
    },
    "Test": {
      "r2": 0.42486679553985596,
      "rmse": 6.82876967959193,
      "mae": 5.67378568649292,
      "mape": 26.16702651977539,
      "alpha": 0.5059763789176941
    }
  },
  "magnn_lstm_mtl": {
    "Train": {
      "r2": -0.014693737030029297,
      "rmse": 143.55885389362092,
      "mae": 53.4304313659668,
      "mape": 26.99025535583496
    },
    "Val": {
      "r2": -0.17510902881622314,
      "rmse": 166.98754397783685,
      "mae": 88.82379150390625,
      "mape": 24.554304122924805
    },
    "Test": {
      "r2": -0.029098868370056152,
      "rmse": 109.72957259354699,
      "mae": 45.716026306152344,
      "mape": 27.02861976623535
    }
  }
}