{
  "iteration": 1,
  "algorithm": "HDBSCAN",
  "config": {
    "n_epochs": 50,
    "batch_size": 64,
    "learning_rate": 0.001,
    "sample_fraction": 0.2,
    "mtl_lambda": 0.5
  },
  "bug_fixes": {
    "weather_scaling": "Fixed in Residual model (was using raw values)",
    "residual_learning": "LSTM now sees MAGNN prediction",
    "adaptive_gating": "Learned \u03b1 replaces hardcoded 0.5",
    "binary_flags": "is_weekend, is_peak_hour added"
  },
  "magnn": {
    "Train": {
      "r2": 0.9228113293647766,
      "rmse": 8.741841900005255,
      "mae": 5.454352378845215,
      "mape": 26.07503318786621
    },
    "Val": {
      "r2": 0.6675458550453186,
      "rmse": 9.038339966800804,
      "mae": 7.216238498687744,
      "mape": 27.85110855102539
    },
    "Test": {
      "r2": 0.20891988277435303,
      "rmse": 7.951430464353151,
      "mae": 6.1935858726501465,
      "mape": 25.771129608154297
    }
  },
  "magnn_lstm": {
    "Train": {
      "r2": 0.923037052154541,
      "rmse": 8.729049888199953,
      "mae": 5.442574977874756,
      "mape": 25.65849494934082
    },
    "Val": {
      "r2": 0.6614270210266113,
      "rmse": 9.12113682738757,
      "mae": 7.258193492889404,
      "mape": 27.674272537231445
    },
    "Test": {
      "r2": 0.20447397232055664,
      "rmse": 7.973742787151121,
      "mae": 6.208802700042725,
      "mape": 25.62323570251465
    }
  },
  "magnn_lstm_residual": {
    "Train": {
      "r2": 0.9250049591064453,
      "rmse": 8.616725767462961,
      "mae": 5.435665607452393,
      "mape": 25.675853729248047,
      "alpha": 0.2317315936088562
    },
    "Val": {
      "r2": 0.6607037782669067,
      "rmse": 9.130872952864236,
      "mae": 7.272927761077881,
      "mape": 27.931499481201172,
      "alpha": 0.23117685317993164
    },
    "Test": {
      "r2": 0.26712566614151,
      "rmse": 7.653318256447504,
      "mae": 5.9794392585754395,
      "mape": 25.813610076904297,
      "alpha": 0.23109237849712372
    }
  },
  "magnn_lstm_mtl": {
    "Train": {
      "r2": -0.02599024772644043,
      "rmse": 135.2046986863807,
      "mae": 50.583553314208984,
      "mape": 24.952238082885742
    },
    "Val": {
      "r2": -0.13546574115753174,
      "rmse": 148.7061187901325,
      "mae": 74.18109893798828,
      "mape": 21.443143844604492
    },
    "Test": {
      "r2": -0.11061131954193115,
      "rmse": 124.78623127422753,
      "mae": 60.102821350097656,
      "mape": 26.609403610229492
    }
  }
}