{
  "iteration": 1,
  "algorithm": "HDBSCAN",
  "config": {
    "n_epochs": 50,
    "batch_size": 64,
    "learning_rate": 0.001,
    "sample_fraction": 0.2,
    "mtl_lambda": 0.5
  },
  "magnn": {
    "Train": {
      "r2": 0.9087578058242798,
      "rmse": 9.504384283985774,
      "mae": 5.627418518066406,
      "mape": 27.04071044921875
    },
    "Val": {
      "r2": 0.6204401254653931,
      "rmse": 9.657461145981008,
      "mae": 7.270174980163574,
      "mape": 28.68588638305664
    },
    "Test": {
      "r2": 0.255806565284729,
      "rmse": 7.712193967413918,
      "mae": 5.980467319488525,
      "mape": 25.456464767456055
    }
  },
  "residual": {
    "Train": {
      "r2": 0.9127925634384155,
      "rmse": 9.29186486915205,
      "mae": 5.545886993408203,
      "mape": 26.39826011657715,
      "alpha": 0.3136261999607086
    },
    "Val": {
      "r2": 0.6123639345169067,
      "rmse": 9.759664587292194,
      "mae": 7.335222244262695,
      "mape": 28.409013748168945,
      "alpha": 0.31348761916160583
    },
    "Test": {
      "r2": 0.34005171060562134,
      "rmse": 7.262563934307384,
      "mae": 5.711172103881836,
      "mape": 26.297319412231445,
      "alpha": 0.31344151496887207
    }
  },
  "mtl": {
    "Train": {
      "r2": 0.012947559356689453,
      "rmse": 132.61427118479745,
      "mae": 46.81303787231445,
      "mape": 23.607412338256836
    },
    "Val": {
      "r2": -0.18449294567108154,
      "rmse": 151.88261297791792,
      "mae": 75.28266906738281,
      "mape": 21.020397186279297
    },
    "Test": {
      "r2": -0.15748345851898193,
      "rmse": 127.39225303295527,
      "mae": 60.8592643737793,
      "mape": 26.30994415283203
    }
  }
}