{
  "iteration": 1,
  "algorithm": "HDBSCAN",
  "magnn": {
    "Train": {
      "r2": 0.9319216012954712,
      "rmse": 9.45499642503692,
      "mae": 5.911187171936035,
      "mape": 27.41043472290039
    },
    "Val": {
      "r2": 0.6371133327484131,
      "rmse": 10.807265938724395,
      "mae": 8.494770050048828,
      "mape": 29.770275115966797
    },
    "Test": {
      "r2": 0.42390167713165283,
      "rmse": 6.834496778982621,
      "mae": 5.63716983795166,
      "mape": 26.09700584411621
    }
  },
  "magnn_lstm": {
    "Train": {
      "r2": 0.9319667816162109,
      "rmse": 9.451859015822256,
      "mae": 5.915524959564209,
      "mape": 27.322078704833984
    },
    "Val": {
      "r2": 0.6340345144271851,
      "rmse": 10.853014942844656,
      "mae": 8.535517692565918,
      "mape": 29.787513732910156
    },
    "Test": {
      "r2": 0.42302489280700684,
      "rmse": 6.839695674528657,
      "mae": 5.647511959075928,
      "mape": 26.037174224853516
    }
  },
  "magnn_lstm_r": {
    "Train": {
      "r2": 0.9319502711296082,
      "rmse": 9.453005955474602,
      "mae": 5.921396255493164,
      "mape": 27.262327194213867
    },
    "Val": {
      "r2": 0.6325464248657227,
      "rmse": 10.875057527236494,
      "mae": 8.556989669799805,
      "mape": 29.77219581604004
    },
    "Test": {
      "r2": 0.4238625764846802,
      "rmse": 6.834728687764538,
      "mae": 5.6467742919921875,
      "mape": 26.00041961669922
    }
  }
}